{"cameraMode":{"drawMode":0,"name":"Shaded","section":"Shading Mode"},"sceneLighting":false,"audioPlay":false,"sceneViewState":{"showFog":false,"showMaterialUpdate":false,"showSkybox":false,"showFlares":false,"showImageEffects":false,"showParticleSystems":false},"in2DMode":false,"pivot":{"x":0.0031647980213165285,"y":0.7425131797790527,"z":-0.02228386700153351},"rotation":{"x":-0.5648306012153626,"y":0.013859791681170464,"z":-0.009461336769163609,"w":-0.8250623345375061},"size":0.7289528250694275,"orthographic":false}