{"cameraMode":{"drawMode":0,"name":"Shaded","section":"Shading Mode"},"sceneLighting":false,"audioPlay":false,"sceneViewState":{"showFog":false,"showMaterialUpdate":false,"showSkybox":false,"showFlares":false,"showImageEffects":false,"showParticleSystems":false},"in2DMode":false,"pivot":{"x":1.5899999141693116,"y":0.29288867115974429,"z":2.1590006351470949},"rotation":{"x":-0.22376474738121034,"y":-0.2981101870536804,"z":0.07210691273212433,"w":-0.9251694083213806},"size":2.009462833404541,"orthographic":false}