{"cameraMode":{"drawMode":0,"name":"Shaded","section":"Shading Mode"},"sceneLighting":true,"audioPlay":false,"sceneViewState":{"showFog":false,"showMaterialUpdate":false,"showSkybox":true,"showFlares":false,"showImageEffects":false,"showParticleSystems":false},"in2DMode":false,"pivot":{"x":2.403856039047241,"y":-0.3773038387298584,"z":1.4324564933776856},"rotation":{"x":-0.2312062382698059,"y":-0.41113972663879397,"z":0.10863178968429566,"w":-0.8750923275947571},"size":10.0,"orthographic":false}