{"cameraMode":{"drawMode":0,"name":"Shaded","section":"Shading Mode"},"sceneLighting":true,"audioPlay":false,"sceneViewState":{"showFog":false,"showMaterialUpdate":false,"showSkybox":true,"showFlares":false,"showImageEffects":false,"showParticleSystems":false},"in2DMode":false,"pivot":{"x":3.525305986404419,"y":-0.6443920135498047,"z":-1.7299213409423829},"rotation":{"x":-0.2047380954027176,"y":-0.6513130068778992,"z":0.18892109394073487,"w":-0.7058761715888977},"size":3.2450077533721926,"orthographic":false}