{"cameraMode":{"drawMode":0,"name":"Shaded","section":"Shading Mode"},"sceneLighting":false,"audioPlay":false,"sceneViewState":{"showFog":false,"showMaterialUpdate":false,"showSkybox":false,"showFlares":false,"showImageEffects":false,"showParticleSystems":false},"in2DMode":false,"pivot":{"x":0.14137554168701173,"y":0.8598511815071106,"z":0.2367011308670044},"rotation":{"x":-0.5648306012153626,"y":0.013859791681170464,"z":-0.009461336769163609,"w":-0.8250623345375061},"size":0.08660244941711426,"orthographic":false}